Kod;Nazwa;Grupa;Jednostka;Ce.zak.netto;Ce.sprz.brutto;VAT;Ilość
2687;CUKIERKI LOVE;CUKIERKI/WAFLE/CIASTKA;kg;20,65;33,99;23;0,77
2695;FANTAZJA KRÓWKOWA;CUKIERKI/WAFLE/CIASTKA;kg;20,26;30,99;5;3,715
35801;KINDER COUNTRY;chipsy;szt.;1,75;2,89;23;1
2696;GALARETKI SERDUSZKA;CUKIERKI/WAFLE/CIASTKA;kg;20,09;27,99;5;0,055
1644;BOCZEK PIECZONY BIEGUN;MIĘSO I WĘDLINY;kg;39,46;49,99;5;0,427
1643;KIEŁBASA ZE ŚWINIOBICIA BIEGUN;MIĘSO I WĘDLINY;kg;28,78;36,99;5;0,007
1641;WĘDZONKA SZEFA BIEGUN;MIĘSO I WĘDLINY;kg;50,32;64,99;5;0,536
1640;KABANOSY CIELĘCE BIEGUN;MIĘSO I WĘDLINY;kg;61,45;78,99;5;0,834
1639;KIEŁBASA SOŁACKA;MIĘSO I WĘDLINY;kg;24,01;30,99;5;0,184
2686;PTASIE MLECZKO MIX SMAK;CUKIERKI/WAFLE/CIASTKA;kg;23,55;33,99;5;2,233
2718;VOBRO GRYZZZLI MILK;CUKIERKI/WAFLE/CIASTKA;kg;27,88;39,99;5;-0,015
2707;MUFINKA ROGOWO;CUKIERKI/WAFLE/CIASTKA;kg;32,6;42,99;5;0,415
2709;KARTA PLUS 200;DOŁADOWANIA;szt.;156,26;200;23;1
1651;PASZTET FIRMOWY CZERNIEJEWO;MIĘSO I WĘDLINY;kg;21,5;27,99;5;0,313
1638;MIELONKA TYROLSKA;MIĘSO I WĘDLINY;kg;19,8;26,99;5;0,238
1648;KIEŁBASA DOMOWA SUSZONA;MIĘSO I WĘDLINY;kg;25,2;33,99;5;1,124
1649;BOCZEK FURMANA;MIĘSO I WĘDLINY;kg;23,4;30,99;5;0,244
1650;BOCZEK ZAPIEKANY CZERNIEJEWO;MIĘSO I WĘDLINY;kg;26,9;35,99;5;1,172
1627;POLĘDWICZKA SUROWA WĘDZONA;MIĘSO I WĘDLINY;kg;33,9;43,99;5;0,597
1612;SZYNKA PIECZONA;MIĘSO I WĘDLINY;kg;29;37,99;5;0,004
1621;SMALEC CZERNIEJEWO KUBEK;MIĘSO I WĘDLINY;kg;25,6;36,99;5;2,408
35607;WÓDKA DĘBOWA KARMNIK;WÓDKA (ALKOHOL POWYŻEJ 18%);szt.;150;199,99;23;1
35608;GOLD CHERRY DĘBOWA 0,7L;WÓDKA (ALKOHOL POWYŻEJ 18%);szt.;120;159,99;23;1
1616;NYCÓWKA;MIĘSO I WĘDLINY;kg;27,99;35,99;5;0,256
1620;KIEŁBASA PYSZNA MORAWSCY;MIĘSO I WĘDLINY;kg;20,4;26,99;5;-0,633
1637;SER SERENADA KRÓLEWSKI;MIĘSO I WĘDLINY;kg;21,99;28,99;5;0,003
1635;CEBULA CZERWONA;WARZYWA I OWOCE;kg;5,14;6,99;5;6,313
2678;SERNIK;CUKIERKI/WAFLE/CIASTKA;kg;37,42;47,99;5;0,03
3000;ZESTAW;ogólna;szt.;25;29,99;5;-5
2999;ZESTAW;ogólna;szt.;48;49,99;5;-1
1630;CHLEB BALTONOSKI ZIELONY RYNEK;PIECZYWO/CUKIERNICZE;szt.;4,67;6,45;5;-6,5
6960;SER WŁOSZCZOWSKI;MIĘSO I WĘDLINY;kg;22,4;29,5;5;0,256
1628;SZYNKA BIAŁA ROGOWO;MIĘSO I WĘDLINY;kg;31,95;40,99;5;0,125
2673;MINI PĄCZKI;CUKIERKI/WAFLE/CIASTKA;kg;19,52;26,99;5;-0,212
2674;CUKIERKI MILKY SPLASH;CUKIERKI/WAFLE/CIASTKA;kg;16,99;28,99;23;-2,955
1632;SZYNKA WĘDZONA PIECZONA CZERNIEJEWO;MIĘSO I WĘDLINY;kg;31,7;41,99;5;2,646
2675;CUKIERKI MICHAŁKI BIAŁE;CUKIERKI/WAFLE/CIASTKA;kg;21,99;36,99;23;0,865
2797;WAFLE MISIE;CUKIERKI/WAFLE/CIASTKA;kg;24,99;36,99;5;1,145
2799;ŻELKI OCZY;CUKIERKI/WAFLE/CIASTKA;szt.;1,59;2,5;5;55
2804;ŻELKI MYSZY;CUKIERKI/WAFLE/CIASTKA;szt.;0,5;0,99;5;60
1672;KAPUSTA MŁODA;WARZYWA I OWOCE;szt.;4,29;5,99;5;3
1688;JBB KIEŁBASA BEZ OSŁONKI;MIĘSO I WĘDLINY;kg;13,99;19,99;5;-0,662
1687;CEBULA MŁODA;WARZYWA I OWOCE;kg;4,29;6,99;23;0,6
2750;CIASTKA BOGUTTI CHOCO FIT Z ŻURAWINĄ;CUKIERKI/WAFLE/CIASTKA;kg;22,77;32,99;5;2
2752;CIASTKA BOGUTTI CZEKOLADA;CUKIERKI/WAFLE/CIASTKA;kg;21,38;30,99;5;1,005
2753;CIASTKA BOGUTTI AMERICAN COOKIES;CUKIERKI/WAFLE/CIASTKA;kg;24,99;34,99;5;0,1
2755;CIASTKA MARKIZY;CUKIERKI/WAFLE/CIASTKA;kg;23,91;33,99;5;0,515
1685;ZIEMNIAKI MŁODE;WARZYWA I OWOCE;kg;4,29;5,99;5;-9,398
1690;NIK-POL ŚLĄSKA Z BOBROWNIK;MIĘSO I WĘDLINY;kg;18;19,99;5;0,98
1788;ROLADA Z CEBULKA I PIECZARKĄ;MIĘSO I WĘDLINY;kg;9;12,99;5;0,04
2790;WINOGRONO JASNE RPA;MIĘSO I WĘDLINY;kg;11,71;15,99;5;3,04
1691;NIK-POL SZYNKA W GALARCIE;MIĘSO I WĘDLINY;kg;9,9;14,99;5;0,666
1669;KIEŁBASA ŚLĄSKA DELIKATESOWA;MIĘSO I WĘDLINY;kg;30,7;39,99;5;0,974
1661;SZYNKA W OSŁONCE;MIĘSO I WĘDLINY;kg;30,7;39,99;5;1,382
1663;KIEŁBASA DOMOWA PIECZONA DELIKATESOWA;MIĘSO I WĘDLINY;kg;28,9;37,99;5;0,413
35893;PUDROWE LODY;słodkie zabawki;szt.;0,73;1,45;23;-1
2725;GALARETKA OWOCOWA;CUKIERKI/WAFLE/CIASTKA;kg;16,6;23,99;5;-0,53
2724;GALARETKA PISANKI;CUKIERKI/WAFLE/CIASTKA;kg;19,99;26,99;5;1,015
2726;WAFLE TOFFI;CUKIERKI/WAFLE/CIASTKA;kg;15,99;22,99;5;-0,03
1675;CHORIZO EXTRA;MIĘSO I WĘDLINY;kg;71,1;95;5;0,036
2735;PRZEKŁADANIEC ,KEKSIK GNIEŻNIEŃSKI;CUKIERKI/WAFLE/CIASTKA;kg;23;39,99;23;3,185
1660;SZYNKA KONSERWOWA;MIĘSO I WĘDLINY;kg;26,99;35,99;5;0,478
1659;KIEŁBASA ŚLĄSKA;MIĘSO I WĘDLINY;kg;19,59;22,99;5;-0,328
1684;POLĘDWICA DROBIOWA Z MAJERANKIEM;MIĘSO I WĘDLINY;kg;18,49;25,99;5;1,046
1680;MELON HISZPANIA;WARZYWA I OWOCE;szt.;8,57;12,99;5;6
1682;SKWARKI;MIĘSO I WĘDLINY;kg;4,4;6,19;5;0,004
1679;MANGO BRAZYLIA;WARZYWA I OWOCE;szt.;5,24;7,9;5;3
1670;ŁOPATKA Z/K;MIĘSO I WĘDLINY;kg;18,42;23,5;5;-0,05
2743;JAJKA WIELKANOCNE MIGDAŁOWE;CUKIERKI/WAFLE/CIASTKA;kg;16,89;28,99;23;-1,034
1673;KIEŁBASA KRÓTKA Z MŁYNA;MIĘSO I WĘDLINY;kg;17,49;23,99;5;-0,001
1676;POMIDOR KOKTAJL MAROKO;WARZYWA I OWOCE;szt.;4,52;6,5;5;2
1678;GRANAT TURCJA;WARZYWA I OWOCE;szt.;7,62;10,99;5;5
855;CUKIERKI BIM BOM;MIĘSO I WĘDLINY;kg;12,83;16,99;5;-0,286
2429;LIZAK DESENIOWY 20G LIWOCZ;CUKIERKI/WAFLE/CIASTKA;szt.;0,4;0,75;23;-2
829;MAKRELA LUZ;MIĘSO I WĘDLINY;kg;21,99;29,99;5;-0,005
836;CUKIERKI MIX GOPLANA;CUKIERKI/WAFLE/CIASTKA;kg;20,78;29,99;5;-1,844
826;KĄSKI PIWOSZA;MIĘSO I WĘDLINY;kg;18,99;25,99;5;0,077
902;BOCZEK GRILOWY;MIĘSO I WĘDLINY;kg;27,93;38,5;5;0,56
910;MIELONKA ŚNIADANIOWA SMOL;MIĘSO I WĘDLINY;kg;9,4;14,99;5;0,476
921;PIECZEŃ WIEPRZOWA CZERNIEJEWO;MIĘSO I WĘDLINY;kg;25,9;33,99;5;0,133
915;POLĘDWICA WĘDZONA ROGOWO;MIĘSO I WĘDLINY;kg;30,77;42,99;5;0,228
896;KIEŁBASA ŚLĄSKA GRUBA CZERNIEJEWO;MIĘSO I WĘDLINY;kg;25,2;33,99;5;1,447
878;BURAKI LUZ;WARZYWA I OWOCE;kg;1,4;1,89;5;1,01
885;SZYNECZKA WIELKANOCNA CZERNIEJWSKA;MIĘSO I WĘDLINY;kg;31,5;40,99;5;0,737
791;FRANKFURTERKI ROGOWO;MIĘSO I WĘDLINY;kg;33,32;44,99;5;4,139
30390;LUFKA OZDOBNA;papierosy;szt.;10,14;16,99;23;11
818;BROKUŁ POLSKA;WARZYWA I OWOCE;szt.;4,29;6,5;5;4
800;JBB KEBAB Z PIERSI KURCZAKA;MIĘSO I WĘDLINY;kg;39,48;49,99;5;0,16
803;KROKIETY SZIM;MIĘSO I WĘDLINY;kg;28,38;36,5;5;2,104
960;JBB KIEŁBASA Z KARKÓWKĄ;MIĘSO I WĘDLINY;kg;26,69;35,99;5;-0,056
961;SZYNKA KRUCHA;MIĘSO I WĘDLINY;kg;35,67;47,99;5;1,598
964;KABANOSY;MIĘSO I WĘDLINY;kg;34,5;46,99;5;0,669
905;POMIDORY KOKTAJLOWE POLSKA 250G;WARZYWA I OWOCE;szt.;4,67;6,5;5;2
956;PIECZEŃ ROGOWO;MIĘSO I WĘDLINY;kg;23,91;29,99;5;0,381
1002;KIEŁBASA BAŁTYCKA CZERNIEJEWO;MIĘSO I WĘDLINY;kg;27,5;37,99;5;-0,214
942;JBB KRAKOWSKA PODSUSZANA;MIĘSO I WĘDLINY;kg;29,99;39,99;5;2,872
944;JBB INDYK LUX;MIĘSO I WĘDLINY;kg;25,29;33,99;5;2,095
2503;CHAŁKA;CUKIERKI/WAFLE/CIASTKA;szt.;3,2;4,55;5;-10
2504;PALUCH SEROWY;CUKIERKI/WAFLE/CIASTKA;szt.;2;2,85;5;-25
1066;JBB SALCESON CZARNY;MIĘSO I WĘDLINY;kg;12,69;17,99;5;3,586
32037;KARTA TT/HH 40ZŁ;ogólna;szt.;31,22;40;23;2
1073;IMBIR;MIĘSO I WĘDLINY;kg;18,52;23,99;5;0,03
1075;KANAPKA PIASECCY;PIECZYWO GORĄCE;szt.;4,8;6,5;5;-17
1016;SZYNKA W SIATCE;MIĘSO I WĘDLINY;kg;24,99;30,99;5;0,322
1017;PIERŚ WĘDZONA;MIĘSO I WĘDLINY;kg;19,49;26,99;5;0,346
1003;SAŁATA LODOWA HISZPANIA;WARZYWA I OWOCE;szt.;5,24;7,99;5;1
1029;SZYNKA ROLKA WĘDZONA;MIĘSO I WĘDLINY;kg;32,4;42,99;5;2,84
1132;JBB KIEŁBASKI Z SEREM;MIĘSO I WĘDLINY;kg;23,29;29,99;5;-0,63
1134;JBB SZYNKA PIZZA;MIĘSO I WĘDLINY;kg;18,59;25,99;5;2,464
1169;JBB PIECZEŃ WIEDEŃKA;MIĘSO I WĘDLINY;kg;15,49;19,99;5;0,29
32199;KARTA PAYSAFECARD 200;ogólna;szt.;200;200;0;-4
1091;JBB LEBERKA;MIĘSO I WĘDLINY;kg;17,69;23,99;5;-0,087
1264;BOCZEK B/S;MIĘSO I WĘDLINY;kg;22,44;28,99;5;2,4
1252;KAPUSTA CZERWONA KRAJOWA;WARZYWA I OWOCE;kg;2,5;3,99;5;2,4
33020;OPAKOWANIA;ogólna;szt.;10;0,01;23;835,25
33022;BRAK 5;ogólna;szt.;561,12;595,15;5;1
1243;TWARÓG KRAJANKA;NABIAŁ;kg;15,79;21,4;5;2
1239;SER KRÓLEWSKI KOLNA;MIĘSO I WĘDLINY;kg;24,19;33,99;5;-0,189
6473;KARTA TT/HH 60;CATERING;szt.;46,83;60;23;1
1392;JBB ZAWIJANIEC;MIĘSO I WĘDLINY;kg;12,24;17,99;5;0,069
1397;UFO OPŁATEK;MIĘSO I WĘDLINY;szt.;0,15;0,45;5;13
1398;MURZYNEK;MIĘSO I WĘDLINY;szt.;0,75;1,25;5;4
1417;JBB SZYNKA Z WARZYWAMI;MIĘSO I WĘDLINY;kg;11;15,99;5;0,162
6532;BONGO 20CM 6124;CATERING;szt.;31,58;49,99;23;1
1353;JBB KRAKOWSKA PARZONA;MIĘSO I WĘDLINY;kg;25,79;34,99;5;0,455
1346;JBB FILET INDYKIEM FASZEROWANY;MIĘSO I WĘDLINY;kg;26,99;35,5;5;0,15
33666;BRAK;ogólna;szt.;20,64;21,69;5;1
1370;JBB SZYNKA NA KRAJALNICE;MIĘSO I WĘDLINY;kg;27,49;37,99;5;6,115
882;KIEŁBASA POLSKA PIECZONA LUZ BIEGUN;MIĘSO I WĘDLINY;kg;34,04;43,5;5;0,675
923;KIEŁBASA ZWYCZAJNA MORAWSCY;MIĘSO I WĘDLINY;kg;17,86;22,99;5;-0,17
794;KIEŁBASA ŻYWIECKA NOVE;MIĘSO I WĘDLINY;kg;32,3;43,99;5;-0,004
75;PAPRYKA  HISZPANIA;WARZYWA I OWOCE;kg;15,24;19,99;5;3,842
814;KARKÓWKA NA GRILL;MIĘSO I WĘDLINY;kg;28,03;38,99;5;-0,069
783;KIEŁBASA PODWAWELSKA;MIĘSO I WĘDLINY;kg;19,59;22,99;5;-1,254
784;OGONÓWKA PIECZONA MORAWSCY;MIĘSO I WĘDLINY;kg;30,35;39,99;5;1,782
3068;PIEROGI Z JAGODAMI ROKA;ROKA;kg;15,04;22,99;5;3,212
792;OGONÓWKA PARZONA ROGOWO;MIĘSO I WĘDLINY;kg;18,72;24,99;5;-0,258
847;JBB SZYNKA KRÓLEWIECKA DŁUGA;MIĘSO I WĘDLINY;kg;17,99;26,99;5;4,355
824;JBB POLĘDWICA MIODOWA;MIĘSO I WĘDLINY;kg;21,99;29,99;5;0,615
1019;KIEŁBASA ŚNIADANIOWA SMOL;MIĘSO I WĘDLINY;kg;25,58;32,79;5;0,041
1015;POLĘDWICZANKA Z WARZYWAMI;MIĘSO I WĘDLINY;kg;11,49;17,5;5;0,256
2478;ŻELKI KABELKI;CUKIERKI/WAFLE/CIASTKA;szt.;0,18;0,3;23;1
955;KIEŁBASA BIAŁA FIRMOWA CZERNIEJEWO;MIĘSO I WĘDLINY;kg;23,4;31,99;5;2,909
943;ZAPALNICZKAV3I;chemia ogólna;szt.;0,65;1,5;23;-5
1339;KOSTKA PIERNIKOWA ROGOWO;MIĘSO I WĘDLINY;kg;31,7;42,3;5;-0,637
2379;KRAJANKA PIERNIKOWA TOMEX;TOMEX;kg;31,7;41,99;5;0,721
1416;CHLEB SŁONECZKO;POBIEDZISKA;szt.;3,77;5,5;5;-7
2126;LIZAK CHUPA CHUPS;ogólna;szt.;0,98;1,5;5;211
648;JBB SZYNKA Z PIERSI INDYKA  IND;MIĘSO I WĘDLINY;kg;26,93;33,99;5;-0,102
57;CZOSNEK SZT. EGIPT;RÓŻAŃSKI;szt.;2,57;3,75;5;10
18550;GŁOWY WIEPRZOWE;ROGOWO;kg;6,76;8,99;5;-0,02
670;KABANOSY  DĘBOWE TARCZYŃSKI LUZ;MIĘSO I WĘDLINY;kg;31,99;25,5;5;0,013
678;KIEŁBASA BYDGOSKA MORAWSCY;MIĘSO I WĘDLINY;kg;24,66;31,99;5;0,132
679;SZYNKA SAPIEHY DUDA;MIĘSO I WĘDLINY;kg;12,9;16,99;5;-0,185
4136;WRZEŚNIA TWARÓG P/TŁUSTY KRAJANKA;NABIAŁ;kg;12,99;15,99;5;-0,55
664;MIELONKA MEKSYKAŃSKA SMOL;MIĘSO I WĘDLINY;kg;15,47;19,99;5;-0,428
6005;ZAPAŁKI;chemia ogólna;SZTUKA;0,11;0,2;23;-15
95;TRANSPORTER PIWO MAŁE;ogólna;szt.;6,5;10;23;6
629;SZYNKA WĘDZONA ROGOWO;MIĘSO I WĘDLINY;kg;32,24;42,5;5;0,67
634;BIGOSOWE 1;MIĘSO I WĘDLINY;kg;3;4,99;5;-42,437
635;BIGOSOWE 2;MIĘSO I WĘDLINY;kg;3,99;9,99;5;-146,127
18369;LUFKA;chemia ogólna;szt.;0,13;0,4;23;183
642;PIECZYSTE Z SZYNKI;MIĘSO I WĘDLINY;kg;52,09;66,5;5;0,587
92;BUTELKA PIEROT;ogólna;szt.;0,41;0,5;23;-9
69;ARBUZ;WARZYWA I OWOCE;kg;6,19;8,99;5;3,048
70;WŁOSZCZYZNA POLSKA;RÓŻAŃSKI;szt.;4,38;5,99;5;6
736;SZYNKA GOTOWANA MAŁA LUZ BIEGUN;MIĘSO I WĘDLINY;kg;35,55;45,99;5;0,7
737;SZYNKA KONSERWOWA CZERNIEJEWO;MIĘSO I WĘDLINY;kg;28,6;37,5;5;0,398
742;SWOJSKIE JADŁO ROGOWO;MIĘSO I WĘDLINY;kg;19,31;26,5;5;-2,73
754;KIEŁBASA GRODZKA ROGOWO;MIĘSO I WĘDLINY;kg;23,13;30,99;5;2,416
65;CEBULA PĘCZEK;RÓŻAŃSKI;szt.;2,1;2,99;5;5
2154;BEZIKI ROGOWO;CUKIERKI/WAFLE/CIASTKA;kg;53;69,99;5;0,25
691;FLAKI DOMOWE;MIĘSO I WĘDLINY;kg;21;27,99;5;-1,325
66;KAPUSTA PEKIŃSKA SZT.;RÓŻAŃSKI;szt.;5,71;8,99;5;-2
713;PODSUSZANA EXTRA BALCERZAK;MIĘSO I WĘDLINY;kg;20,5;26,95;5;-0,08
1517;SZYNKA CHLEBOWA;MIĘSO I WĘDLINY;kg;32,14;41,99;5;0,423
2754;PIERNIK PTASIE MLECZKO;CUKIERKI/WAFLE/CIASTKA;kg;22,71;32,5;5;0,015
2759;JAJKA ARACHIDOWE;CUKIERKI/WAFLE/CIASTKA;kg;22,69;38,99;23;0,032
2698;EURO PAPIER DUŻY;CUKIERKI/WAFLE/CIASTKA;szt.;0,39;0,85;23;6
3164;PIEROŻKI WIGILIJNE Z GRZYBAMI;MROŻONKI;kg;14,07;19,99;5;1,19
1454;SZYNKA MYSZKA;MIĘSO I WĘDLINY;kg;24,11;29,99;5;1,76
1463;PODGARDLE ŚWIEŻE ROGOWO;MIĘSO I WĘDLINY;kg;13,92;16,99;5;0,905
7476;ZAPALNICZKA ELECTRONIC;chemia ogólna;szt.;4;4,99;23;-8
1472;SZYNKA BORYNY ROGOWO;MIĘSO I WĘDLINY;kg;31,46;42,99;5;0,489
2775;EURO PAPIER MAŁY;CUKIERKI/WAFLE/CIASTKA;szt.;0,15;0,5;23;208
1571;SCHAB BORYNY ROGOWO;MIĘSO I WĘDLINY;kg;30,48;39,99;5;-0,516
1142;JBB KIEŁBASA ŚLĄSKA;MIĘSO I WĘDLINY;kg;22,99;26,99;5;0,386
90;KIWI SZTUKA;WARZYWA I OWOCE;szt.;1;1,5;5;6
1164;SZYNKA DELIKATNA Z FILETA SW;MIĘSO I WĘDLINY;kg;26,49;33,99;5;0,107
2499;CUKIERKI JOGUSIE LUZ;CUKIERKI/WAFLE/CIASTKA;kg;16,04;29,99;23;0,055
2505;CUKIERKI ZOZOLE LUZ;CUKIERKI/WAFLE/CIASTKA;kg;15,99;24,99;23;0,852
1121;KIEŁBASA TORUŃSKA;MIĘSO I WĘDLINY;kg;29,13;37,5;5;0,106
1375;SZYNKA PIECZONA Z KOMINA CZERNIEJEWO;MIĘSO I WĘDLINY;kg;28;37,99;5;2,154
103;TRANSPORTER LECH;ogólna;szt.;6,5;8;23;103
4528;SER SALAMI MLEKPOL;MIĘSO I WĘDLINY;kg;19,59;29,99;5;1,806
1371;CIASTKA MAŚLANE KRUCHE;TOMEX;kg;10;19,99;5;-1,33
1220;BOCZEK PARZONY/WĘDZONY PASKI;MIĘSO I WĘDLINY;kg;26,98;35,99;5;0,065
104;BUTELKA  0,5L;ogólna;szt.;1,6;0,8;23;-17
119;ZIEMNIAKI;WARZYWA I OWOCE;kg;2;2,99;5;7
2970;CUKIERKI BIM BOM NADZIEWANE;CUKIERKI/WAFLE/CIASTKA;kg;11,99;18,99;23;-0,005
2997;SMALEC POPULARNY ZE SKWARKAMI ROGOWO;MIĘSO I WĘDLINY;szt.;6,08;7,99;5;1
1695;SZYNKA KONSERWOWA MADEJ;MIĘSO I WĘDLINY;kg;20,98;27,5;5;0,309
1844;KIEŁBASA KRUCHA MORAWSCY;MIĘSO I WĘDLINY;kg;30,96;39,99;5;0,123
1845;SZYNKOWA EXTRA ALEKSANDRIA;MIĘSO I WĘDLINY;kg;23,59;30,99;5;0,386
2842;CUKIERKI SZKLANKA MLEKA LUZ;CUKIERKI/WAFLE/CIASTKA;kg;14,75;19,99;5;2,5
1665;ŚLĄSKA BIEGUN DELIKATESOWA Z CZOSKIEM;MIĘSO I WĘDLINY;kg;28,99;36,25;5;-0,08
1634;WIEPRZOWINA PIECZONA BIEGUN;MIĘSO I WĘDLINY;kg;43,46;58,5;5;-0,278
1918;CATERING SANDWICH MIX;CATERING;szt.;5,5;7,5;5;1
2905;CUKIERKI KRÓWKA MIX;CUKIERKI/WAFLE/CIASTKA;kg;12,99;22,99;23;-0,035
2873;CIASTKA BAMBINO LIDER;CUKIERKI/WAFLE/CIASTKA;kg;19,29;25,99;5;0,08
3502;JBB KRÓLEWSKA DŁUGA;MIĘSO I WĘDLINY;kg;16,99;22,5;5;0,472
5520;SER MOZZARELLA LUZ;MIĘSO I WĘDLINY;kg;21,39;29,99;5;3,132
3729;SZYNKA TRADYCYJNA ZE SPIŻ SW;MIĘSO I WĘDLINY;kg;20;26,99;5;1,882
3873;PAJDA Z MASARSKIEGO STRAGANU;MIĘSO I WĘDLINY;kg;38,77;39,5;5;0,266
3899;POLĘDWICA SOPOCKA SŁAWA;MIĘSO I WĘDLINY;kg;23,59;30,99;5;0,62
1533;SZYNKA WŁOSKA MAMMA MIA;MIĘSO I WĘDLINY;kg;29,62;37,99;5;0,008
1462;FILET Z PANGI KG;MIĘSO I WĘDLINY;kg;9,89;13,5;5;2,39
1464;FILET Z SOLI KG;MIĘSO I WĘDLINY;kg;19,49;25,5;5;1,595
34506;KARTA ORANGE 35;ogólna;szt.;27,18;35;23;-1
1475;PIECZEŃ RZYMSKA SMOL;MIĘSO I WĘDLINY;kg;15,95;19,99;5;-0,38
1493;JBB POLĘDWICA WIŚNIOWA;MIĘSO I WĘDLINY;kg;28,29;36,99;5;0,59
6630;OGONÓWKA ROGOWO;MIĘSO I WĘDLINY;kg;29,3;37,99;5;0,25
35535;BRAK 23%;ogólna;kg;14,21;17,49;23;1
1563;KIEŁBASA MYŚLIWSKA CZERNIEJEWO;MIĘSO I WĘDLINY;kg;28,9;39,5;5;3,367
6792;BRANZOLETKA;CATERING;szt.;0,48;0,99;23;16
1562;SERWOLATKA CZERNIEJEWO;MIĘSO I WĘDLINY;kg;37,1;47,99;5;0,006
6858;CUKIERKI FRESH&FRUIT KG;CATERING;kg;22,27;29,99;5;3,596
534;MALINA HISZPANIA;WARZYWA I OWOCE;szt.;11,9;15,99;5;2
530;KIEŁBASA HOLENDERSKA SMOL;MIĘSO I WĘDLINY;kg;14,02;17,99;5;0,011
549;KIEŁBASA BIAŁA DELIKATESOWA CZERNIEJEWO;MIĘSO I WĘDLINY;kg;26,6;34,99;5;0,905
550;JBB KONSERWA WIEPSZOWA;MIĘSO I WĘDLINY;kg;23,59;32,99;5;1,54
486;JBB ŚLĄSKA;MIĘSO I WĘDLINY;kg;25,87;34,99;5;0,023
276;TRUSKAWKA KG KRAJ;WARZYWA I OWOCE;kg;17,14;23,99;5;0,17
477;SZYNKA MINI CZERNIEJEWO;MIĘSO I WĘDLINY;kg;30,9;41,99;5;3,254
287;KASZANKA GRILOWA;MIĘSO I WĘDLINY;kg;14,69;19,99;5;-0,048
283;SCHAB BIAŁY W KOPERKU ZYGUŁA;ZYGUŁA;kg;26,99;37,79;5;-0,392
288;KIEŁBASA ZIELONOGÓRSKA CZERNIEJEWO;CZERNIEJEWO;kg;27,8;37,99;5;1,646
5104;SER HAWRANUS LUZ;MIĘSO I WĘDLINY;kg;27,59;37,5;5;48,787
519;SERDELKI BIEGUN;ZYGUŁA;kg;17,25;21,99;5;-0,306
4999;CHLEB NA MAŚLANCE PIEKUŚ;CATERING;szt.;3,94;5,55;5;18
684;PIERŚ Z INDYKA;MIĘSO I WĘDLINY;kg;30,54;39,99;5;3,482
2260;PIERNIKI HRABINA;CUKIERKI/WAFLE/CIASTKA;kg;10,55;14,5;5;1,56
688;JBB INDYK FASZEROWANY;MIĘSO I WĘDLINY;kg;31,95;39,99;5;-0,448
721;JBB PASZTET ZDZICHA;MIĘSO I WĘDLINY;kg;15,99;20,99;5;0,091
723;JBB PRZYSMAK W KONSERWIE WIELKI;MIĘSO I WĘDLINY;kg;16,29;22,99;5;0,44
725;JBB SALCESON WŁOSKI;MIĘSO I WĘDLINY;kg;19,99;27,5;5;3,392
729;JBB SCHABÓWKA Z PRZYPRAWAMI;MIĘSO I WĘDLINY;kg;29,99;37,99;5;0,406
730;JBB SERDELKI DROBIOWE;MIĘSO I WĘDLINY;kg;9,49;14,99;5;-0,897
717;JBB MORTADELA FIRMOWA;MIĘSO I WĘDLINY;kg;13,59;17,99;5;0,008
786;SER PERŁA Z WARMI;MIĘSO I WĘDLINY;kg;16,76;19,99;5;0,522
787;SER GOUDA;MIĘSO I WĘDLINY;kg;19,99;23,99;5;-0,343
790;JBB SZYNKA ZE SPIŻARNI;MIĘSO I WĘDLINY;kg;32,99;41,99;5;-0,144
772;JBB PIERŚ Z KURCZAKA Z WARZYWAMI;MIĘSO I WĘDLINY;kg;24,59;37,5;5;0,756
773;JBB WIEPRZOWINA Z OGÓRKIEM;MIĘSO I WĘDLINY;kg;21,69;29,99;5;4,511
683;METKA Z SZYNKI;MIĘSO I WĘDLINY;kg;18,99;24,99;5;-0,508
606;PASZTET ZE SZCZYPIORKIEM ROGOWO;MIĘSO I WĘDLINY;kg;18,62;23,99;5;0,027
608;JBB KIEŁBASA KRAKOWSKA PARZONA;MIĘSO I WĘDLINY;kg;22,49;27,99;5;-0,17
620;JBB PIERŚ GOTOWANA;MIĘSO I WĘDLINY;kg;33,29;44,99;5;0,56
626;JBB CIELASZKI;MIĘSO I WĘDLINY;kg;24,99;34,99;5;-0,067
637;ŁOPATKA B/K;MIĘSO I WĘDLINY;kg;19,99;24,99;5;1,206
588;PARÓWKI ROGOWO;MIĘSO I WĘDLINY;kg;18,72;25,99;5;0,536
590;SCHAB BIAŁY Z MAJERANKIEM;MIĘSO I WĘDLINY;kg;32,9;43,99;5;2,589
591;JBB PIECZEŃ RZYMSKA;MIĘSO I WĘDLINY;kg;19,99;26,99;5;1,73
668;JBB KIEŁBASA Z PIERSI KURCZAKA;MIĘSO I WĘDLINY;kg;30,69;39,99;5;0,229
677;SER DOBRODZIEJA;MIĘSO I WĘDLINY;kg;19,99;26,99;5;-0,422
5324;CLIPER;NABIAŁ;szt.;5,01;8,99;23;-3
641;JBB KIEŁBASA KROTOSZYŃSKA Z BECZKI;MIĘSO I WĘDLINY;kg;24,99;33,99;5;1,11
644;JBB SZYNKA SOŁTYSÓWKA;MIĘSO I WĘDLINY;kg;31,99;44,99;5;2,293
640;SZYNKA WOŁOWA CZERNIEJEWO;MIĘSO I WĘDLINY;kg;50,2;63,99;5;0,265
116;PASZTET KREMOWY;ROGOWO;kg;16,07;21,5;5;0,006
111;KIEŁBASA TATRZAŃSKA CZERNIEJEWO;MRÓZ;kg;31,4;41,99;5;0,46
106;KIEŁBASA ŁOPATKOWA SMOL;MRÓZ;kg;24,13;30,99;5;-0,206
4121;PARÓWKI CIELASZKI JBB;CATERING;kg;25,99;33,99;5;0,005
3;PRZECENA;PRZECENY;kg;0,95;1;5;-1,19
121;KASZANKA NA GORĄCO;MORAWSCY;kg;12,18;16,5;5;0,3
4141;TWARÓG PÓŁTŁUSTY WAGA;MIĘSO I WĘDLINY;kg;15,79;21,5;5;-1,381
7;PRZECENA;OTWARTA CENA;szt.;0,95;1;5;-704
4073;SZYNKA ZAPIEKANA NA MAŚLE;MIĘSO I WĘDLINY;kg;33,22;42,99;5;0,224
4217;KIEŁBASA STAROWIEJSKA CZERNIEJEWO;MIĘSO I WĘDLINY;kg;27,8;37,99;5;0,839
1307;EKLER TRUSKAWKA;PIECZYWO/CUKIERNICZE;szt.;3,39;4,99;5;-2
4220;KASZANKA POPULARNA CZERNIEJEWO;MIĘSO I WĘDLINY;kg;21,2;26,99;5;1,04
4224;KIEŁBASA ZWYCZAJNA DŁUGA CZERNIEJEWO;MIĘSO I WĘDLINY;kg;22,8;30,99;5;1,446
4227;FARSZ KLOPSOWY;MIĘSO I WĘDLINY;kg;18,52;24,99;5;-0,038
4230;BOCZEK WĘDZONY CZERNIEJEWO;MIĘSO I WĘDLINY;kg;25,5;34,99;5;0,679
4232;WĄTROBIANKA CZERNIEJEWO;MIĘSO I WĘDLINY;kg;20,7;27,99;5;0,58
4234;BOCZEK WĘDZONY PIECZONY CZERNIEJEWO;MIĘSO I WĘDLINY;kg;24,8;33,99;5;4,97
4235;SZYNKA DŁUGODOJRZEWAJĄCA CZERNIEJEWO;MIĘSO I WĘDLINY;kg;34,4;46,99;5;1,311
4216;KIEŁBASA SZLACHECKA CZERNIEJEWO;MIĘSO I WĘDLINY;kg;33;42,99;5;-0,716
4219;PARÓWKA FOLIA CZERNIEJEWO;MIĘSO I WĘDLINY;kg;24,7;31,99;5;-0,198
27395;OPAKOWANIE;REKLAMÓWKI OPODATKOWANE;szt.;0,3;0,8;5;-334
4209;GOLONKA WIEPRZOWA  Z PRZYPRAWAMI CZERNIEJEWO;MIĘSO I WĘDLINY;kg;25,8;32,99;5;0,35
4210;KIEŁBASA ŻYWIECKA CZERNIEJEWO;MIĘSO I WĘDLINY;kg;32,3;43,99;5;0,289
4212;ROLADA WIEPRZOWA Z POLĘDWICZICZEK;MIĘSO I WĘDLINY;kg;30,2;41,99;5;1,908
4213;KARKÓWKA PIECZONA Z PAPRYKĄ CZERNIEJEWO;MIĘSO I WĘDLINY;kg;30,9;41,99;5;2,322
4214;USZY WIEPSZOWE;MIĘSO I WĘDLINY;kg;7,84;11,5;5;-0,066
4196;OGONÓWKA CZERNIEJEWO;MIĘSO I WĘDLINY;kg;24,2;32,99;5;3,225
4175;KIEŁBASA WIEJSKA CZERNIEJEWO;MIĘSO I WĘDLINY;kg;29,7;39,99;5;1,241
4176;BOCZEK PO CYGAŃSKU CZERNIEJEWO;MIĘSO I WĘDLINY;kg;27,4;36,99;5;3,894
4177;KIEŁBASA CZERNIEJEWSKA CZERNIEJEWO;MIĘSO I WĘDLINY;kg;24,3;32,99;5;1,326
4179;SZYNKA WĘDZONA CZERNIEJEWO;MIĘSO I WĘDLINY;kg;33,2;45,99;5;6,334
4185;KIEŁBASA DOMOWA PIECZONA CZERNIEJEWO;MIĘSO I WĘDLINY;kg;25,7;34,99;5;2,508
4186;KIEŁBASA JAŁOWCOWA CZERNIEJEWO;MIĘSO I WĘDLINY;kg;30,2;42,5;5;1,565
4187; KIEŁBASA ZIELONOGÓRSKA CZERNIEJEWO;MIĘSO I WĘDLINY;kg;28,8;37,5;5;-0,757
4189;PIWOSZKI ROGOWO;ROGOWO;kg;14,95;19,99;5;-0,32
4190;BOCZEK ROLOWANY CZERNIEJEWO;MIĘSO I WĘDLINY;kg;28,4;38,99;5;1,749
4207;KIEŁBASA SLOWIAŃSKA BIEGUN;MIĘSO I WĘDLINY;kg;38,4;47,99;5;-0,24
4197;SZYNKA Z PIECA CZERNIEJEWO;MIĘSO I WĘDLINY;kg;33,2;44,99;5;2,77
3917;KLOPSY LUZ;MIĘSO I WĘDLINY;kg;31,55;39,99;5;0,049
3918;KIEŁBASA RĘCZNIE WYRABIANA BIEGUN;MIĘSO I WĘDLINY;kg;41,25;53,99;5;0,656
1750;CUKIERKI KOFFINI EWA;CUKIERKI/WAFLE/CIASTKA;kg;23,14;36,5;5;0,02
3995;OZORY WOŁOWE;MIĘSO I WĘDLINY;kg;24,7;32,5;5;-0,004
3996;GOLONKO W ROSOLE ŁUKOSZ;MIĘSO I WĘDLINY;kg;15;17,5;5;0,002
27150;VOBRO CUKIERKI PRALINY MIX;czekolady;kg;27,99;39,99;8;-0,853
4023;SUCHA TRADYCYJNIE WĘDZONA SW;MIĘSO I WĘDLINY;kg;27,9;36,6;5;-0,23
174;WĘDZONKA KROTOSZYŃSKA CZERNIEJEWO;CZERNIEJEWO;kg;29,6;39,99;5;2,727
4429;KIEŁBASA CYGAŃSKA NIK-POL;MIĘSO I WĘDLINY;kg;17,49;23,35;5;1,163
1829;GALARETKA W CUKRZE KG;CUKIERKI/WAFLE/CIASTKA;kg;15;26,99;23;0,145
167;SURÓWKA Z BURACZKÓW HUBERTUS300G;WARZYWA I OWOCE;szt.;2,1;3,5;5;-1
181;GRUSZKA LUZ HISZPANIA;WARZYWA I OWOCE;kg;7,14;9,99;5;5,137
4492;KIEŁBASA ZWYCZAJNA MIŁOSŁAW;MIĘSO I WĘDLINY;kg;22,99;31,99;5;1,462
178;KIEŁBASA BACÓWKA SMOL;MIĘSO I WĘDLINY;kg;38,47;48,99;5;0,084
188;SERCA W POLEWIE TORIMEX;CUKIERKI/WAFLE/CIASTKA;kg;11,69;5,99;5;1,005
4460;SZYNKA JAŁOWCOWA CZERNIEJEWO;MIĘSO I WĘDLINY;kg;30,9;42,99;5;0,953
4465;KIEŁBASA PIWNA;MIĘSO I WĘDLINY;kg;18,18;24,99;5;0,102
4468;SZYNKA CZERNIEJEWSKA;MIĘSO I WĘDLINY;kg;34,9;46,99;5;0,906
4317;SZYNKA ZRAZOWA SW;MIĘSO I WĘDLINY;kg;14,9;19,99;5;-0,21
156;JAJA ŚWIEŻE PROMOCJA;NABIAŁ;szt.;0,78;1,15;5;-77
1797;JAJKA WIELKANOCNE BARON;CUKIERKI/WAFLE/CIASTKA;kg;24,5;36,99;8;0,008
80;KIEŁBASA PROMOCJA;MIĘSO I WĘDLINY;kg;10,5;13,5;5;-1,828
158;RZODKIEWKA;WARZYWA I OWOCE;szt.;1,71;2,4;5;11
159;ZIEMNIAK SIATKA;WARZYWA I OWOCE;szt.;6,48;8,99;5;-18
163;SURÓWKA Z KAP. PEKIŃSKIEJ Z KUKURYDZĄ HUBERTUS 300G;WARZYWA I OWOCE;szt.;3,5;4,99;5;-1
224;KIEŁBASA POLSKA BIEGUN;MORAWSCY;kg;34,04;43,99;5;0,789
4654;JBB KURCZAK W GALARECIE;MIĘSO I WĘDLINY;kg;12,49;17,99;5;2,254
227;PIECZARKA KRAJOWA OPAKOWANIE;WARZYWA I OWOCE;kg;4,76;6,99;5;-3,335
4617;METKA TATARSKA;MIĘSO I WĘDLINY;kg;35,48;46,99;5;0,395
2044;PIERNIKI IGA;CUKIERKI/WAFLE/CIASTKA;kg;10,75;12,5;5;0,16
229;PIECZARKI OPAKOWANIE KRAJOWE;WARZYWA I OWOCE;szt.;4,7;6,5;5;7
2030;GUMA MAMBA;CUKIERKI/WAFLE/CIASTKA;szt.;0,8;0,99;5;-121
202;JBB POLĘDWICA Z WARZYWAMI;MIĘSO I WĘDLINY;kg;13,99;19,5;5;1,355
4527;KIEŁBASA Z KOMINA;MIĘSO I WĘDLINY;kg;13;18,99;5;0,1
207;MIELONE;MRÓZ;kg;15,88;19,99;5;-0,608
205;KIEŁBASA MYŚLIWSKA SMOL;MRÓZ;kg;53,26;65,99;5;0,132
183;WINOGRONO PAKOWANE WŁOCHY;WARZYWA I OWOCE;szt.;3,81;6,5;5;0,906
184;KOPEREK;WARZYWA I OWOCE;kg;1,9;2,99;5;-5
4;CHLEB FAŁKOWO 500G;ALPA;szt.;2,69;3,59;5;-1
5;CHLEB CIEMNY FAŁKOWO 300-400G;ALPA;szt.;3;4,99;5;-4
8;BUŁKA WROCŁAWSKA;ALPA;szt.;0,88;1,15;5;-342
10;ROGAL;ALPA;szt.;1,05;1,6;5;-9
14;BUŁKA CIEMNA;ALPA;szt.;1,05;1,6;5;-23
15;CIASTKA;ALPA;szt.;2,6;3,65;5;-150
24;LODY CASATE Z BAKALIAMI;lody;szt.;9,7;13,5;5;6
218;JBB SALAMI ROGAL;GIŻEWSKA;kg;34,59;46,99;5;1,176
58;ŻEBERKA ROGOWO;MORAWSCY;kg;18,13;22,99;5;0,019
59;NOGI MORAWCY;MORAWSCY;kg;3,72;5,5;5;0,684
62;KOŚCI ŚWIEŻE MORAWSCY;MORAWSCY;kg;12,2;16,45;5;-0,049
67;SZYNKA POLSKA Z PRZYPRAWAMI;MORAWSCY;kg;18,89;24,8;5;-0,215
73;CYGAŃSKA PIECZONA;MORAWSCY;kg;27,51;34,99;5;-1,07
31;KIEŁBASA CHŁOPSKA MORAWSCY;MORAWSCY;kg;31,77;40,99;5;0,418
34;KARKÓWKA PIECZONA MORAWSCY;MORAWSCY;kg;29,84;37,5;5;1,251
79;POLĘDWICA SOPOCKA ROGOWO;ROGOWO;kg;29,3;37,5;5;0,4
84;SCHAB NA GRILLA;MORAWSCY;kg;29,74;36,5;5;-0,236
28317;ŻEBERKA CZERNIEJEWO;CZERNIEJEWO;kg;18,7;25,99;5;1,233
28316;KARTA ORANGE 100;ogólna;szt.;77,64;100;23;-3
1922;CIASTKA IRYS;CUKIERKI/WAFLE/CIASTKA;kg;16,59;25,99;23;0,278
249;EKLER PISTACJA;SENDAL;szt.;4,99;6,99;5;-5
28873;LULA CHUSTECZKI NAWILŻANE DLA DZIECI;chemia ogólna;szt.;4,25;7,5;8;-3
419;KIEŁBASA ŚLĄSKA ROGOWO;MIĘSO I WĘDLINY;kg;25,87;34,99;5;-0,24
421;SZYNKA BRACKA ROGOWO;MIĘSO I WĘDLINY;kg;34,2;44,5;5;0,996
247;SŁODKIE SERCA TAGO;CUKIERKI/WAFLE/CIASTKA;kg;18,99;27,5;5;0,061
246;BUŁKA MLECZNA;POBIEDZISKA;szt.;1,1;1,45;5;8
424;ZRAZÓWKA;MIĘSO I WĘDLINY;kg;16,9;22,99;5;-0,155
264;POLĘDWICZKA KRUCHA ZYGUŁA;ZYGUŁA;kg;27,99;39,99;5;-1,338
253;TRUSKAWKI SZT POLSKA;WARZYWA I OWOCE;szt.;7,52;9,99;5;4
254;LIMONKA LUZ BRAZYLIA;WARZYWA I OWOCE;kg;18;25,99;5;-0,065
321;KIEŁBASA DOMOWA SMOL;MIĘSO I WĘDLINY;kg;14,44;18,5;5;0,967
4781;GULASZ ANGIELSKI;MIĘSO I WĘDLINY;kg;15,99;19,99;5;0,208
4798;ŁOPATKA Z PRZYPRAWAMI;MIĘSO I WĘDLINY;kg;27,4;36,99;5;1,323
410;SER GOUDA;MIĘSO I WĘDLINY;kg;21,99;24,99;5;1,616
245;ANANAS SZT KOSTARYKA;WARZYWA I OWOCE;szt.;11,43;15,99;5;4
244;POR;WARZYWA I OWOCE;kg;5,71;7,99;5;0,98
391;SZYNKA OD SZWAGRA;MIĘSO I WĘDLINY;kg;20,79;30,99;5;-0,67
332;FRANKFURTERKI CZERNIEJEWO;MIĘSO I WĘDLINY;kg;33,4;43,99;5;0,44
363;SZYNKA Z KURCZAKIEM MW;MIĘSO I WĘDLINY;kg;20,98;27,5;5;-3,915
365;JBB TYROLSKA;MIĘSO I WĘDLINY;kg;18,29;24,99;5;0,556
349;KOŚCI WĘDZONE CZER;MIĘSO I WĘDLINY;kg;12,2;16,45;5;4,987
8693;SMALEC LUZ;Dibal;kg;14,21;19,5;5;1,274
8546;POLĘDWICA DROBIOWA ROGOWO;ROGOWO;kg;33,22;41,99;5;1,33
91;BUTELKA 0,5L;ogólna;szt.;0,81;1;23;2870
93;BUTELKA 0,33L;ogólna;szt.;0,73;0,9;23;-33
8076;KOŚCI OD SCHABU/KARKÓWKI ROGOWO;ROGOWO;kg;6,17;8,25;5;0,338
341;GOLONKA Z/K;ROGOWO;kg;13,92;17,99;5;-1,622
343;GOLONKA B/K W SIATCE;ROGOWO;kg;20,38;24,99;5;3,523
344;KARKÓWKA Z/K;ROGOWO;kg;17,05;21,99;5;2,9
345;KARKÓWKA B/K;ROGOWO;kg;22,44;27,99;5;-0,038
346;NOGI WIEPRZOWE;ROGOWO;kg;3,72;4,99;5;-1,8
347;OGONY WIEPRZOWE;ROGOWO;kg;8,72;11,75;5;-0,003
348;BIODRÓWKA WIEPRZOWA;ROGOWO;kg;16,27;19,99;5;-0,074
351;SZYNKA WIEPRZOWA Z/K;ROGOWO;kg;20,29;24,99;5;0,01
335;SŁONINA ŚWIEŻA Z/S;ROGOWO;kg;7,56;5;5;-0,46
354;SZYNKA B/K PEKLOWANA;ROGOWO;kg;26,17;33,99;5;10,879
355;SŁONINA  WĘDZONA;ROGOWO;kg;10,49;14,99;5;-0,497
364;PARÓWKOWA ROGOWO;ROGOWO;kg;22,25;29,99;5;-1,228
367;PARÓWKI DELIKATESOWE ROGOWO;ROGOWO;kg;27,05;36,99;5;0,658
350;ŁOPATKA WIEPRZOWA B/K;ROGOWO;kg;19,99;24,5;5;-1,25
301;NERKI WIEPRZOWE;MIĘSO I WĘDLINY;kg;8,82;11,99;5;-0,154
302;ŻOŁĄDKI WIEPRZOWE;MIĘSO I WĘDLINY;kg;11,27;16,99;5;-0,275
304;MÓZG WIEPRZOWY;MIĘSO I WĘDLINY;kg;4,41;6,99;5;-0,195
305;OZORY WIEPRZOWE;MIĘSO I WĘDLINY;kg;18,13;22,99;5;-0,049
306;WĄTROBA WIEPRZOWA;MIĘSO I WĘDLINY;kg;7,06;9,99;5;-2,18
309;JELITO;MIĘSO I WĘDLINY;mb;1,37;1,99;5;100
336;SŁONINA ŚWIEŻA B/S;ROGOWO;kg;5,88;9,99;5;2,498
319;PORCJA ROSOŁOWA Z KACZKI MROŻONA;MIĘSO I WĘDLINY;kg;3,66;4,8;5;-6
333;SCHAB WIEPRZOWY B/K;ROGOWO;kg;22,44;27,99;5;1,075
334;SCHAB WIEPRZOWY Z/K;ROGOWO;kg;16,56;19,99;5;0,794
370;ŚLĄSKA ROGOWO;ROGOWO;kg;25,87;33,99;5;-0,324
402;MEKSYKAŃSKA ROGOWO;ROGOWO;kg;31,07;42,99;5;0,435
403;TARGOWA ROGOWO;ROGOWO;kg;24,11;32,99;5;0,006
404;KARCZEK WYKWINTNY PRIME;MIĘSO I WĘDLINY;kg;9,6;11,99;5;-0,318
405;KIEŁBASA KRUCHA ROGOWO;ROGOWO;kg;30,38;39,99;5;0,305
406;KIEŁBASA SENATORSKA ROGOWO;ROGOWO;kg;30,67;40,99;5;1,592
408;POLSKA PIECZONA ROGOWO;ROGOWO;kg;32,34;42,99;5;4,302
413;SALCESON TOSCANA ROGOWO;ROGOWO;kg;27,24;35,99;5;0,26
414;SZYNKA Z BECZKI ROGOWO;ROGOWO;kg;32,05;40,99;5;0,712
400;SALCESON BIAŁY ROGOWO;ROGOWO;kg;18,33;24,99;5;0,052
417;SZYNKA BIAŁA PARZONA CZERNIEJEWO;CZERNIEJEWO;kg;31,5;42,99;5;0,803
399;BIAŁA DELIKATESOWA ROGOWO;ROGOWO;kg;31,16;39,99;5;0,148
420;BALERON BUNI SMOL;MIĘSO I WĘDLINY;kg;23,91;29,99;5;-0,12
435;POLĘDWICA ŁOSOSIOWA SW;MIĘSO I WĘDLINY;kg;24,97;32,99;5;0,376
445;KIEŁBASA PĘPOWSKA KRUCHA;MIĘSO I WĘDLINY;kg;19,5;25,6;5;-0,262
415;ŁOWIECKA ROGOWO;ROGOWO;kg;21,66;28,99;5;1,073
384;GŁOWIZNA ROGOWO;ROGOWO;kg;20,38;27,5;5;0,771
47;NEKTARYNKA HISZPANIA;WARZYWA I OWOCE;kg;8;9,99;5;-3,78
371;JAŁOWCOWA ROGOWO;ROGOWO;kg;30,18;38,99;5;0,17
372;POLSKA SUROWA ROGOWO;ROGOWO;kg;31,65;42,99;5;0,073
373;ŚNIADANIOWA ROGOWO;ROGOWO;kg;25,58;34,99;5;0,243
375;ŻYWIECKA ROGOWO;ROGOWO;kg;30,48;38,99;5;0,659
377;METKA BAWARSKA ROGOWO;ROGOWO;kg;24,3;33,99;5;0,96
378;METKA CEBULOWA ROGOWO;ROGOWO;kg;28,13;37,99;5;1,739
379;METKA ŁOSOSIOWA ROGOWO;ROGOWO;kg;19,31;26,5;5;-0,603
380;KIEŁBASA SŁOIKOWA ROGOWO;ROGOWO;kg;24,11;32,99;5;1,649
381;KASZANKA GRUBA ROGOWO;ROGOWO;kg;15,58;21,5;5;-0,595
401;SALCESON CZARNY ROGOWO;ROGOWO;kg;18,33;24,99;5;2,492
383;PASZTETOWA ROGOWO;ROGOWO;kg;17,74;24,99;5;-1,888
369;ZWYCZAJNA ROGOWO;ROGOWO;kg;24,3;32,99;5;-2,544
386;PODGARDLE WĘDZONE ROGOWO;ROGOWO;kg;21,36;27,5;5;-1,231
387;MORTADELA ROGOWO;ROGOWO;kg;17,93;24,5;5;1,323
388;SZYNKA WIEJSKA ROGOWO;ROGOWO;kg;31,65;41,99;5;10,57
389;SZYNKOWA ROGOWO;ROGOWO;kg;28,52;38,99;5;-0,001
392;KIEŁBASA KRAKOWSKA;ROGOWO;kg;32,1;40,99;5;0,472
396;BIWAKOWA ROGOWO;ROGOWO;kg;16,27;21,99;5;-0,439
397;BIAŁA SUROWA ROGOWO;ROGOWO;kg;27,15;35,99;5;1,29
398;BIAŁA PARZONA ROGOWO;ROGOWO;kg;29,01;39,99;5;4,413
382;KASZANKA CIENKA ROGOWO;ROGOWO;kg;16,76;22,99;5;0,002
49;CYTRYNY HISZPANIA;WARZYWA I OWOCE;kg;6,67;9,5;5;3,045
32;KALAFIOR;RÓŻAŃSKI;szt.;7,62;10,99;5;5
16;MARCHEW;RÓŻAŃSKI;kg;4;5,99;5;10,084
17;SELER KRAJOWY;RÓŻAŃSKI;kg;5,24;7,5;5;1,625
18;PIETRUSZKA;RÓŻAŃSKI;kg;11,43;15,99;5;2,138
19;POR;RÓŻAŃSKI;szt.;2,88;3,85;5;-1
20;KAPUSTA BIAŁA KG;WARZYWA I OWOCE;kg;1,81;2,99;5;10,01
22;KAPUSTA KRAJOWA SZT;WARZYWA I OWOCE;szt.;4,29;5,99;5;1
25;KAPUSTA PEKIŃSKA;WARZYWA I OWOCE;kg;5,62;8,5;5;2,15
28;WŁOSZCZYZNA TACKA;RÓŻAŃSKI;szt.;5;6,99;5;4,76
11;ZIEMNIAKI POLSKA;WARZYWA I OWOCE;kg;2;2,99;5;17,905
30;POMIDOR MALINOWY  POLSKA;WARZYWA I OWOCE;kg;6,67;9,99;5;5,354
35;NATKA PIETRUSZKI POLSKA;WARZYWA I OWOCE;szt.;1,43;2,5;5;5
36;KOPEREK PĘCZEK;RÓŻAŃSKI;szt.;2;2,7;5;13
37;SZCZYPIOREK PĘCZEK;RÓŻAŃSKI;szt.;1,43;2,5;5;2,9
38;PIECZARKI;WARZYWA I OWOCE;kg;8,57;12,5;5;2,28
39;OGÓREK MAŁOSOLNY;WARZYWA I OWOCE;kg;14,29;19,99;5;1,973
40;JABŁKA POLSKIE;WARZYWA I OWOCE;kg;3,05;4,99;5;0,7
41;BANAN EKWADOR;WARZYWA I OWOCE;kg;5,43;7,99;5;2,59
42;GRAPEFRUIT;WARZYWA I OWOCE;kg;5,05;7,5;5;1,419
43;POMARAŃCZE HISZPANIA;WARZYWA I OWOCE;kg;4,76;6,99;5;2,506
45;MANDARYNKA HISZPANIA;WARZYWA I OWOCE;kg;6,67;9,5;5;2,095
46;KIWI KG WŁOCHY;WARZYWA I OWOCE;kg;10,95;15,99;5;2,485
29;OGÓREK ŚW.KRAJOWY;WARZYWA I OWOCE;kg;5,71;8,99;5;3,529
13;CEBULA POLSKA;WARZYWA I OWOCE;kg;2,29;3,75;5;2,265
1322;EKLERY Z BUDYNIEM ROGOWO;TOMEX;kg;32,6;45,99;5;-2,094
1309;BUŁKA WROCŁAWSKA 70G;WILS;szt.;0,4;1,2;5;-72
1316;GNIAZDKO PARZONE;PIEKUŚ;szt.;2,1;2,75;5;-4
1317;PĄCZEK;PIEKUŚ;szt.;3,79;5,35;5;-6
1319;BUŁKA SZKOLNA;PIEKUŚ;szt.;0,71;0,99;5;7
1321;CIASTKA ROGOWO;TOMEX;kg;30,99;43,99;5;2,591
1324;CIASTKA KRUCHE Z CUKREM ROGOWO;TOMEX;kg;26,1;34,5;5;3,191
1328;PASZTECIKI ROGOWO;TOMEX;kg;31,7;40,99;5;0,325
5022;MAKRELA WĘDZONA;RYBY PLUS PRZETWORY;kg;22,99;29,99;5;0,39
5026;MATJAS SOLONY;RYBY PLUS PRZETWORY;kg;13,75;17,99;5;-0,8
558;KIEŁBASA ŚLĄSKA MORAWSCY;MIĘSO I WĘDLINY;kg;20,5;26,99;5;-0,21
1834;TRUFLE ODRA;CUKIERKI/WAFLE/CIASTKA;kg;18,99;36,99;23;-0,005
1836;LANDRYNY OWOCOWE EWA;CUKIERKI/WAFLE/CIASTKA;kg;9,17;15,04;23;-0,25
1883;MIESZANKA WEDLOWSKA WEDEL;CUKIERKI/WAFLE/CIASTKA;kg;29,56;48,49;23;0,665
1838;CUKIERKI KAPITAŃSKIE LUZ;CUKIERKI/WAFLE/CIASTKA;kg;17,59;28,99;23;-0,032
473;KIEŁBASA BIESIADNA NIK-POL;MIĘSO I WĘDLINY;kg;17,29;18,99;5;2,42
483;KIEŁBASA SŁOWIAŃSKA LUZ;MIĘSO I WĘDLINY;kg;42,92;55,5;5;0,683
551;KRAKOWSKA SMOL;MIĘSO I WĘDLINY;kg;23,3;29,99;5;0,652
1950;WAFLE CHRUPS NYSA;CUKIERKI/WAFLE/CIASTKA;kg;17,49;25,5;5;0,14
517;KIEŁBASA CYGAŃSKA PIECZONA MORAWSCY;MIĘSO I WĘDLINY;kg;27,51;35,99;5;1,318
531;TYROLSKA SMOL;MIĘSO I WĘDLINY;kg;12,1;15,99;5;0,438
537;KIEŁBASA PODWAWELSKA SMOLIŃSKI;MIĘSO I WĘDLINY;kg;28,22;35,99;5;0,639
1308;PIZZERINKA,HOT-DOG PIASECCY;PIECZYWO CIEPŁE ARMIR;szt.;4,5;5,99;5;12
3037;KLUSKI ŚLĄSKIE ROKA;ROKA;kg;6,4;8,99;5;3,29
3038;KOPYTKA ROKA;ROKA;kg;6,42;9,5;5;4,593
3039;USZKA Z KAPUSTĄ I GRZYBAMI ROKA;ROKA;kg;15,5;21,99;5;1,856
3044;FILET Z MINTAJA;MROŻONKI;kg;9,99;13,5;5;1,54
1306;CIASTKO FRANCUSKIE Z TRUSKAWKAMI;PIECZYWO CIEPŁE ARMIR;szt.;3,99;5,5;5;-8
4067;SER CZARNOLESKI ROLMLECZ;MIĘSO I WĘDLINY;kg;18,8;24,99;5;8,285
4068;SER BYDGOSKI MLEKPOL;MIĘSO I WĘDLINY;kg;21,99;25,5;5;23,375
4076;SER KRÓLEWIECKI;MIĘSO I WĘDLINY;kg;32,99;42,5;5;0,673
4078;SER SALAMI ZAMBROWSKIE;MIĘSO I WĘDLINY;kg;21,99;29,99;5;-0,268
4079;SER EDAM RYCKI RYKI;MIĘSO I WĘDLINY;kg;34,33;45,99;5;2,538
1960;CIASTKA ZWIERZAKI DR GERARD;CUKIERKI/WAFLE/CIASTKA;kg;21,4;31,99;5;-0,005
3036;PYZY Z MIĘSEM ROKA;ROKA;kg;11,35;15,99;5;4,346
6004;KUBECZEK PLASTIKOWY;tekstylia;szt.;0,06;0,5;23;322
3023;PIEROGI Z SEREM ROKA;ROKA;kg;10,86;15,99;5;3,319
3024;PIEROGI Z MIĘSEM ROKA;ROKA;kg;10,48;14,99;5;2,112
3025;PIEROGI Z KAPUSTĄ I GRZYBAMI ROKA;ROKA;kg;8,25;11,99;5;4,04
3026;PIEROGI LENIWE ROKA;ROKA;kg;9,17;12,99;5;5,847
3027;PIEROGI UKRAINSKIE ROKA;ROKA;kg;6,98;8,99;5;6,8
3028;PIEROGI Z TRUSKAWKAMI ROKA;ROKA;kg;9,22;12,99;5;3,736
3029;PIEROGI Z JAGODAMI ROKA;MROŻONKI;kg;10,86;14,99;5;-0,5
3031;PIEROGI SEROWO-TRUSKAWKOWE ROKA;ROKA;kg;7,23;9,99;5;-2,202
